{
    "dopant_code": 3,
    "dopant_amount": 0.4685613889856868,
    "sinter_temp": 922.6233882756669,
    "material": "Co (Voltage)",
    "predicted_voltage": 2.934853159850209,
    "predicted_distortion": 0.5722847020453061
}